{
  "project_info": {
    "project_number": "927120957987",
    "project_id": "alertme-86e14",
    "storage_bucket": "alertme-86e14.appspot.com"
  },
  "client": [
    {
      "client_info": {
        "mobilesdk_app_id": "1:927120957987:android:cf844d5aae52f4d54cc796",
        "android_client_info": {
          "package_name": "com.alerme.emergency"
        }
      },
      "oauth_client": [],
      "api_key": [
        {
          "current_key": "AIzaSyAz9mWwf0diTIp-s4emi32ZPDnwU9_cwmE"
        }
      ],
      "services": {
        "appinvite_service": {
          "other_platform_oauth_client": []
        }
      }
    }
  ],
  "configuration_version": "1"
}